timestamp,open,high,low,close,volume,price,interval,provider,symbol,source,exchange_segment,security_id,instrument,open_interest,is_closed
2026-03-25 03:45:00,1419.4,1420.8,1416.0,1416.6,0,1416.6,5m,YAHOO,RELIANCE.NS,YAHOO_DOWNLOAD,,,,0,True
2026-03-25 03:50:00,1416.4,1418.8,1416.0,1418.7,192719,1418.7,5m,YAHOO,RELIANCE.NS,YAHOO_DOWNLOAD,,,,0,True
2026-03-25 03:55:00,1418.4,1418.5,1414.1,1416.9,262955,1416.9,5m,YAHOO,RELIANCE.NS,YAHOO_DOWNLOAD,,,,0,True
2026-03-25 04:00:00,1416.8,1417.4,1415.3,1416.4,124828,1416.4,5m,YAHOO,RELIANCE.NS,YAHOO_DOWNLOAD,,,,0,True
2026-03-25 04:05:00,1416.4,1417.9,1415.9,1416.7,122191,1416.7,5m,YAHOO,RELIANCE.NS,YAHOO_DOWNLOAD,,,,0,True
2026-03-25 04:10:00,1416.9,1420.4,1416.4,1419.8,175078,1419.8,5m,YAHOO,RELIANCE.NS,YAHOO_DOWNLOAD,,,,0,True
2026-03-25 04:15:00,1420.0,1421.4,1419.0,1419.0,157726,1419.0,5m,YAHOO,RELIANCE.NS,YAHOO_DOWNLOAD,,,,0,True
2026-03-25 04:20:00,1419.2,1419.4,1417.0,1418.1,147902,1418.1,5m,YAHOO,RELIANCE.NS,YAHOO_DOWNLOAD,,,,0,True
2026-03-25 04:25:00,1417.9,1419.4,1417.1,1418.7,261605,1418.7,5m,YAHOO,RELIANCE.NS,YAHOO_DOWNLOAD,,,,0,True
2026-03-25 04:30:00,1418.3,1419.6,1417.8,1417.8,242136,1417.8,5m,YAHOO,RELIANCE.NS,YAHOO_DOWNLOAD,,,,0,True
2026-03-25 04:35:00,1417.9,1419.2,1416.0,1419.1,206418,1419.1,5m,YAHOO,RELIANCE.NS,YAHOO_DOWNLOAD,,,,0,True
2026-03-25 04:40:00,1419.1,1420.8,1419.0,1419.9,346991,1419.9,5m,YAHOO,RELIANCE.NS,YAHOO_DOWNLOAD,,,,0,True
2026-03-25 04:45:00,1419.8,1420.5,1419.3,1420.0,109760,1420.0,5m,YAHOO,RELIANCE.NS,YAHOO_DOWNLOAD,,,,0,True
2026-03-25 04:50:00,1420.2,1421.2,1419.5,1420.0,123679,1420.0,5m,YAHOO,RELIANCE.NS,YAHOO_DOWNLOAD,,,,0,True
2026-03-25 04:55:00,1419.8,1421.0,1419.2,1420.3,119889,1420.3,5m,YAHOO,RELIANCE.NS,YAHOO_DOWNLOAD,,,,0,True
2026-03-25 05:00:00,1420.3,1420.8,1419.0,1419.8,158521,1419.8,5m,YAHOO,RELIANCE.NS,YAHOO_DOWNLOAD,,,,0,True
2026-03-25 05:05:00,1419.8,1424.2,1419.8,1423.9,194532,1423.9,5m,YAHOO,RELIANCE.NS,YAHOO_DOWNLOAD,,,,0,True
2026-03-25 05:10:00,1424.4,1426.9,1424.2,1425.8,224683,1425.8,5m,YAHOO,RELIANCE.NS,YAHOO_DOWNLOAD,,,,0,True
2026-03-25 05:15:00,1425.7,1426.1,1425.0,1425.2,276986,1425.2,5m,YAHOO,RELIANCE.NS,YAHOO_DOWNLOAD,,,,0,True
2026-03-25 05:20:00,1425.3,1425.6,1424.1,1424.9,254176,1424.9,5m,YAHOO,RELIANCE.NS,YAHOO_DOWNLOAD,,,,0,True
2026-03-25 05:25:00,1424.6,1425.6,1424.1,1425.4,156915,1425.4,5m,YAHOO,RELIANCE.NS,YAHOO_DOWNLOAD,,,,0,True
2026-03-25 05:30:00,1425.1,1427.6,1424.5,1427.6,376501,1427.6,5m,YAHOO,RELIANCE.NS,YAHOO_DOWNLOAD,,,,0,True
2026-03-25 05:35:00,1427.5,1429.5,1426.5,1428.3,424003,1428.3,5m,YAHOO,RELIANCE.NS,YAHOO_DOWNLOAD,,,,0,True
2026-03-25 05:40:00,1428.4,1428.9,1426.5,1427.4,317288,1427.4,5m,YAHOO,RELIANCE.NS,YAHOO_DOWNLOAD,,,,0,True
2026-03-25 05:45:00,1427.4,1429.0,1426.8,1428.8,130863,1428.8,5m,YAHOO,RELIANCE.NS,YAHOO_DOWNLOAD,,,,0,True
2026-03-25 05:50:00,1428.9,1430.4,1428.6,1428.7,260862,1428.7,5m,YAHOO,RELIANCE.NS,YAHOO_DOWNLOAD,,,,0,True
2026-03-25 05:55:00,1428.7,1429.1,1426.7,1427.0,90430,1427.0,5m,YAHOO,RELIANCE.NS,YAHOO_DOWNLOAD,,,,0,True
2026-03-25 06:00:00,1427.1,1428.0,1425.0,1426.8,171939,1426.8,5m,YAHOO,RELIANCE.NS,YAHOO_DOWNLOAD,,,,0,True
2026-03-25 06:05:00,1426.8,1427.1,1423.5,1424.2,123028,1424.2,5m,YAHOO,RELIANCE.NS,YAHOO_DOWNLOAD,,,,0,True
2026-03-25 06:10:00,1424.2,1425.3,1423.6,1423.7,178073,1423.7,5m,YAHOO,RELIANCE.NS,YAHOO_DOWNLOAD,,,,0,True
2026-03-25 06:15:00,1423.7,1424.9,1423.3,1424.6,159337,1424.6,5m,YAHOO,RELIANCE.NS,YAHOO_DOWNLOAD,,,,0,True
2026-03-25 06:20:00,1424.8,1426.8,1424.3,1425.8,174808,1425.8,5m,YAHOO,RELIANCE.NS,YAHOO_DOWNLOAD,,,,0,True
2026-03-25 06:25:00,1426.1,1426.2,1422.6,1424.6,218558,1424.6,5m,YAHOO,RELIANCE.NS,YAHOO_DOWNLOAD,,,,0,True
2026-03-25 06:30:00,1424.4,1424.8,1423.1,1424.0,79548,1424.0,5m,YAHOO,RELIANCE.NS,YAHOO_DOWNLOAD,,,,0,True
2026-03-25 06:35:00,1423.8,1424.5,1423.4,1424.1,74131,1424.1,5m,YAHOO,RELIANCE.NS,YAHOO_DOWNLOAD,,,,0,True
2026-03-25 06:40:00,1424.0,1424.8,1423.4,1424.7,172017,1424.7,5m,YAHOO,RELIANCE.NS,YAHOO_DOWNLOAD,,,,0,True
2026-03-25 06:45:00,1424.6,1427.9,1424.4,1427.5,149838,1427.5,5m,YAHOO,RELIANCE.NS,YAHOO_DOWNLOAD,,,,0,True
2026-03-25 06:50:00,1427.5,1427.8,1426.5,1426.5,114018,1426.5,5m,YAHOO,RELIANCE.NS,YAHOO_DOWNLOAD,,,,0,True
2026-03-25 06:55:00,1426.8,1427.0,1424.7,1426.1,186124,1426.1,5m,YAHOO,RELIANCE.NS,YAHOO_DOWNLOAD,,,,0,True
2026-03-25 07:00:00,1426.1,1426.4,1424.0,1424.2,96246,1424.2,5m,YAHOO,RELIANCE.NS,YAHOO_DOWNLOAD,,,,0,True
2026-03-25 07:05:00,1424.2,1425.8,1423.8,1425.4,75764,1425.4,5m,YAHOO,RELIANCE.NS,YAHOO_DOWNLOAD,,,,0,True
2026-03-25 07:10:00,1425.0,1426.5,1424.6,1426.1,142637,1426.1,5m,YAHOO,RELIANCE.NS,YAHOO_DOWNLOAD,,,,0,True
2026-03-25 07:15:00,1426.1,1426.7,1425.0,1425.8,129165,1425.8,5m,YAHOO,RELIANCE.NS,YAHOO_DOWNLOAD,,,,0,True
2026-03-25 07:20:00,1425.8,1426.0,1423.1,1423.1,124503,1423.1,5m,YAHOO,RELIANCE.NS,YAHOO_DOWNLOAD,,,,0,True
2026-03-25 07:25:00,1423.1,1423.8,1422.0,1423.6,145188,1423.6,5m,YAHOO,RELIANCE.NS,YAHOO_DOWNLOAD,,,,0,True
2026-03-25 07:30:00,1423.4,1424.7,1423.0,1424.3,125374,1424.3,5m,YAHOO,RELIANCE.NS,YAHOO_DOWNLOAD,,,,0,True
2026-03-25 07:35:00,1424.3,1424.8,1423.3,1424.3,88728,1424.3,5m,YAHOO,RELIANCE.NS,YAHOO_DOWNLOAD,,,,0,True
2026-03-25 07:40:00,1424.2,1424.8,1423.0,1423.2,94333,1423.2,5m,YAHOO,RELIANCE.NS,YAHOO_DOWNLOAD,,,,0,True
2026-03-25 07:45:00,1423.1,1424.8,1422.2,1422.5,99818,1422.5,5m,YAHOO,RELIANCE.NS,YAHOO_DOWNLOAD,,,,0,True
2026-03-25 07:50:00,1422.1,1423.6,1422.0,1423.2,127806,1423.2,5m,YAHOO,RELIANCE.NS,YAHOO_DOWNLOAD,,,,0,True
2026-03-25 07:55:00,1423.2,1423.8,1422.1,1422.6,113146,1422.6,5m,YAHOO,RELIANCE.NS,YAHOO_DOWNLOAD,,,,0,True
2026-03-25 08:00:00,1422.6,1424.3,1422.1,1423.5,128135,1423.5,5m,YAHOO,RELIANCE.NS,YAHOO_DOWNLOAD,,,,0,True
2026-03-25 08:05:00,1423.1,1424.2,1422.8,1424.1,104343,1424.1,5m,YAHOO,RELIANCE.NS,YAHOO_DOWNLOAD,,,,0,True
2026-03-25 08:10:00,1424.1,1424.1,1422.3,1423.0,130090,1423.0,5m,YAHOO,RELIANCE.NS,YAHOO_DOWNLOAD,,,,0,True
2026-03-25 08:15:00,1423.0,1424.2,1423.0,1424.1,97658,1424.1,5m,YAHOO,RELIANCE.NS,YAHOO_DOWNLOAD,,,,0,True
2026-03-25 08:20:00,1424.1,1425.0,1422.2,1422.7,186250,1422.7,5m,YAHOO,RELIANCE.NS,YAHOO_DOWNLOAD,,,,0,True
2026-03-25 08:25:00,1423.1,1423.4,1422.3,1422.8,70389,1422.8,5m,YAHOO,RELIANCE.NS,YAHOO_DOWNLOAD,,,,0,True
2026-03-25 08:30:00,1422.7,1424.3,1422.1,1423.1,179577,1423.1,5m,YAHOO,RELIANCE.NS,YAHOO_DOWNLOAD,,,,0,True
2026-03-25 08:35:00,1423.3,1423.9,1420.4,1421.3,124635,1421.3,5m,YAHOO,RELIANCE.NS,YAHOO_DOWNLOAD,,,,0,True
2026-03-25 08:40:00,1421.3,1422.7,1419.4,1419.8,163411,1419.8,5m,YAHOO,RELIANCE.NS,YAHOO_DOWNLOAD,,,,0,True
2026-03-25 08:45:00,1420.0,1421.4,1419.8,1420.7,58015,1420.7,5m,YAHOO,RELIANCE.NS,YAHOO_DOWNLOAD,,,,0,True
2026-03-25 08:50:00,1420.2,1421.1,1418.2,1418.6,155211,1418.6,5m,YAHOO,RELIANCE.NS,YAHOO_DOWNLOAD,,,,0,True
2026-03-25 08:55:00,1418.2,1419.5,1418.2,1418.6,120761,1418.6,5m,YAHOO,RELIANCE.NS,YAHOO_DOWNLOAD,,,,0,True
2026-03-25 09:00:00,1418.3,1419.5,1416.9,1418.7,99407,1418.7,5m,YAHOO,RELIANCE.NS,YAHOO_DOWNLOAD,,,,0,True
2026-03-25 09:05:00,1418.8,1419.1,1417.0,1417.1,91376,1417.1,5m,YAHOO,RELIANCE.NS,YAHOO_DOWNLOAD,,,,0,True
2026-03-25 09:10:00,1417.1,1418.5,1417.0,1417.5,101160,1417.5,5m,YAHOO,RELIANCE.NS,YAHOO_DOWNLOAD,,,,0,True
2026-03-25 09:15:00,1417.5,1418.1,1416.1,1417.0,146069,1417.0,5m,YAHOO,RELIANCE.NS,YAHOO_DOWNLOAD,,,,0,True
2026-03-25 09:20:00,1416.9,1417.6,1414.6,1415.5,223012,1415.5,5m,YAHOO,RELIANCE.NS,YAHOO_DOWNLOAD,,,,0,True
2026-03-25 09:25:00,1415.4,1415.6,1414.0,1415.3,188718,1415.3,5m,YAHOO,RELIANCE.NS,YAHOO_DOWNLOAD,,,,0,True
2026-03-25 09:30:00,1414.6,1417.8,1408.7,1414.3,2589680,1414.3,5m,YAHOO,RELIANCE.NS,YAHOO_DOWNLOAD,,,,0,True
2026-03-25 09:35:00,1414.2,1415.3,1412.0,1413.9,1510633,1413.9,5m,YAHOO,RELIANCE.NS,YAHOO_DOWNLOAD,,,,0,True
2026-03-25 09:40:00,1413.9,1416.2,1410.2,1412.0,2015593,1412.0,5m,YAHOO,RELIANCE.NS,YAHOO_DOWNLOAD,,,,0,True
2026-03-25 09:45:00,1412.0,1413.2,1410.1,1410.7,536551,1410.7,5m,YAHOO,RELIANCE.NS,YAHOO_DOWNLOAD,,,,0,True
2026-03-25 09:50:00,1410.1,1412.1,1410.0,1411.9,602356,1411.9,5m,YAHOO,RELIANCE.NS,YAHOO_DOWNLOAD,,,,0,True
2026-03-25 09:55:00,1412.1,1413.9,1411.6,1413.8,256973,1413.8,5m,YAHOO,RELIANCE.NS,YAHOO_DOWNLOAD,,,,0,True
2026-03-27 03:45:00,1401.0,1401.0,1390.2,1393.1,0,1393.1,5m,YAHOO,RELIANCE.NS,YAHOO_DOWNLOAD,,,,0,True
2026-03-27 03:50:00,1393.4,1395.5,1390.5,1390.8,218008,1390.8,5m,YAHOO,RELIANCE.NS,YAHOO_DOWNLOAD,,,,0,True
2026-03-27 03:55:00,1390.7,1391.5,1385.4,1386.4,446882,1386.4,5m,YAHOO,RELIANCE.NS,YAHOO_DOWNLOAD,,,,0,True
2026-03-27 04:00:00,1386.0,1386.4,1379.0,1379.3,625831,1379.3,5m,YAHOO,RELIANCE.NS,YAHOO_DOWNLOAD,,,,0,True
2026-03-27 04:05:00,1379.0,1379.8,1376.0,1378.9,459408,1378.9,5m,YAHOO,RELIANCE.NS,YAHOO_DOWNLOAD,,,,0,True
2026-03-27 04:10:00,1379.0,1381.8,1378.2,1381.8,230680,1381.8,5m,YAHOO,RELIANCE.NS,YAHOO_DOWNLOAD,,,,0,True
2026-03-27 04:15:00,1381.8,1381.8,1379.6,1380.2,168933,1380.2,5m,YAHOO,RELIANCE.NS,YAHOO_DOWNLOAD,,,,0,True
2026-03-27 04:20:00,1380.5,1380.5,1377.6,1378.5,215052,1378.5,5m,YAHOO,RELIANCE.NS,YAHOO_DOWNLOAD,,,,0,True
2026-03-27 04:25:00,1378.5,1378.5,1374.2,1375.8,295426,1375.8,5m,YAHOO,RELIANCE.NS,YAHOO_DOWNLOAD,,,,0,True
2026-03-27 04:30:00,1375.6,1378.9,1375.4,1378.7,112027,1378.7,5m,YAHOO,RELIANCE.NS,YAHOO_DOWNLOAD,,,,0,True
2026-03-27 04:35:00,1378.7,1378.7,1376.6,1377.0,129786,1377.0,5m,YAHOO,RELIANCE.NS,YAHOO_DOWNLOAD,,,,0,True
2026-03-27 04:40:00,1377.1,1377.1,1374.8,1375.2,88851,1375.2,5m,YAHOO,RELIANCE.NS,YAHOO_DOWNLOAD,,,,0,True
2026-03-27 04:45:00,1375.2,1376.2,1375.0,1375.1,108877,1375.1,5m,YAHOO,RELIANCE.NS,YAHOO_DOWNLOAD,,,,0,True
2026-03-27 04:50:00,1375.3,1376.8,1373.4,1376.1,169494,1376.1,5m,YAHOO,RELIANCE.NS,YAHOO_DOWNLOAD,,,,0,True
2026-03-27 04:55:00,1376.1,1376.7,1374.8,1375.9,94052,1375.9,5m,YAHOO,RELIANCE.NS,YAHOO_DOWNLOAD,,,,0,True
2026-03-27 05:00:00,1375.3,1378.5,1375.3,1376.0,187376,1376.0,5m,YAHOO,RELIANCE.NS,YAHOO_DOWNLOAD,,,,0,True
2026-03-27 05:05:00,1376.0,1376.1,1373.3,1376.1,168658,1376.1,5m,YAHOO,RELIANCE.NS,YAHOO_DOWNLOAD,,,,0,True
2026-03-27 05:10:00,1376.1,1376.1,1372.7,1373.5,200123,1373.5,5m,YAHOO,RELIANCE.NS,YAHOO_DOWNLOAD,,,,0,True
2026-03-27 05:15:00,1373.5,1373.9,1373.0,1373.4,71503,1373.4,5m,YAHOO,RELIANCE.NS,YAHOO_DOWNLOAD,,,,0,True
2026-03-27 05:20:00,1373.4,1373.6,1370.3,1370.3,163470,1370.3,5m,YAHOO,RELIANCE.NS,YAHOO_DOWNLOAD,,,,0,True
2026-03-27 05:25:00,1370.3,1372.4,1370.3,1372.2,178863,1372.2,5m,YAHOO,RELIANCE.NS,YAHOO_DOWNLOAD,,,,0,True
2026-03-27 05:30:00,1372.2,1373.4,1371.0,1371.8,153071,1371.8,5m,YAHOO,RELIANCE.NS,YAHOO_DOWNLOAD,,,,0,True
2026-03-27 05:35:00,1371.8,1371.8,1368.6,1370.7,259243,1370.7,5m,YAHOO,RELIANCE.NS,YAHOO_DOWNLOAD,,,,0,True
2026-03-27 05:40:00,1371.0,1372.0,1369.6,1370.9,171698,1370.9,5m,YAHOO,RELIANCE.NS,YAHOO_DOWNLOAD,,,,0,True
2026-03-27 05:45:00,1371.0,1371.1,1366.2,1366.9,230763,1366.9,5m,YAHOO,RELIANCE.NS,YAHOO_DOWNLOAD,,,,0,True
2026-03-27 05:50:00,1367.4,1367.4,1365.0,1366.5,361682,1366.5,5m,YAHOO,RELIANCE.NS,YAHOO_DOWNLOAD,,,,0,True
2026-03-27 05:55:00,1366.5,1366.9,1363.0,1364.3,203393,1364.3,5m,YAHOO,RELIANCE.NS,YAHOO_DOWNLOAD,,,,0,True
2026-03-27 06:00:00,1364.3,1367.2,1363.7,1366.4,235937,1366.4,5m,YAHOO,RELIANCE.NS,YAHOO_DOWNLOAD,,,,0,True
2026-03-27 06:05:00,1366.1,1366.4,1362.3,1364.7,235752,1364.7,5m,YAHOO,RELIANCE.NS,YAHOO_DOWNLOAD,,,,0,True
2026-03-27 06:10:00,1364.7,1365.8,1363.0,1365.2,158683,1365.2,5m,YAHOO,RELIANCE.NS,YAHOO_DOWNLOAD,,,,0,True
2026-03-27 06:15:00,1365.0,1366.0,1363.2,1364.0,148576,1364.0,5m,YAHOO,RELIANCE.NS,YAHOO_DOWNLOAD,,,,0,True
2026-03-27 06:20:00,1364.0,1364.7,1359.1,1360.0,296952,1360.0,5m,YAHOO,RELIANCE.NS,YAHOO_DOWNLOAD,,,,0,True
2026-03-27 06:25:00,1360.1,1360.2,1357.1,1358.0,249149,1358.0,5m,YAHOO,RELIANCE.NS,YAHOO_DOWNLOAD,,,,0,True
2026-03-27 06:30:00,1357.7,1359.8,1354.1,1358.5,289378,1358.5,5m,YAHOO,RELIANCE.NS,YAHOO_DOWNLOAD,,,,0,True
2026-03-27 06:35:00,1358.2,1358.2,1355.2,1356.8,196586,1356.8,5m,YAHOO,RELIANCE.NS,YAHOO_DOWNLOAD,,,,0,True
2026-03-27 06:40:00,1356.5,1358.4,1355.5,1357.5,184144,1357.5,5m,YAHOO,RELIANCE.NS,YAHOO_DOWNLOAD,,,,0,True
2026-03-27 06:45:00,1357.4,1357.5,1355.2,1355.7,153368,1355.7,5m,YAHOO,RELIANCE.NS,YAHOO_DOWNLOAD,,,,0,True
2026-03-27 06:50:00,1355.7,1358.9,1355.1,1357.2,133580,1357.2,5m,YAHOO,RELIANCE.NS,YAHOO_DOWNLOAD,,,,0,True
2026-03-27 06:55:00,1357.5,1358.2,1355.2,1357.0,288061,1357.0,5m,YAHOO,RELIANCE.NS,YAHOO_DOWNLOAD,,,,0,True
2026-03-27 07:00:00,1357.2,1357.5,1353.3,1355.7,402184,1355.7,5m,YAHOO,RELIANCE.NS,YAHOO_DOWNLOAD,,,,0,True
2026-03-27 07:05:00,1355.4,1359.3,1355.4,1358.7,293417,1358.7,5m,YAHOO,RELIANCE.NS,YAHOO_DOWNLOAD,,,,0,True
2026-03-27 07:10:00,1358.7,1358.7,1355.1,1357.5,258543,1357.5,5m,YAHOO,RELIANCE.NS,YAHOO_DOWNLOAD,,,,0,True
2026-03-27 07:15:00,1357.4,1357.6,1354.3,1355.5,231897,1355.5,5m,YAHOO,RELIANCE.NS,YAHOO_DOWNLOAD,,,,0,True
2026-03-27 07:20:00,1355.9,1356.2,1354.0,1354.6,180507,1354.6,5m,YAHOO,RELIANCE.NS,YAHOO_DOWNLOAD,,,,0,True
2026-03-27 07:25:00,1354.8,1354.9,1352.2,1353.0,215200,1353.0,5m,YAHOO,RELIANCE.NS,YAHOO_DOWNLOAD,,,,0,True
2026-03-27 07:30:00,1352.9,1353.4,1351.2,1351.5,181475,1351.5,5m,YAHOO,RELIANCE.NS,YAHOO_DOWNLOAD,,,,0,True
2026-03-27 07:35:00,1351.7,1351.7,1350.5,1350.9,169163,1350.9,5m,YAHOO,RELIANCE.NS,YAHOO_DOWNLOAD,,,,0,True
2026-03-27 07:40:00,1351.0,1352.0,1350.1,1351.6,186575,1351.6,5m,YAHOO,RELIANCE.NS,YAHOO_DOWNLOAD,,,,0,True
2026-03-27 07:45:00,1351.5,1357.1,1351.5,1355.8,234364,1355.8,5m,YAHOO,RELIANCE.NS,YAHOO_DOWNLOAD,,,,0,True
2026-03-27 07:50:00,1355.6,1355.9,1352.9,1355.3,214919,1355.3,5m,YAHOO,RELIANCE.NS,YAHOO_DOWNLOAD,,,,0,True
2026-03-27 07:55:00,1355.2,1357.8,1353.5,1353.5,217355,1353.5,5m,YAHOO,RELIANCE.NS,YAHOO_DOWNLOAD,,,,0,True
2026-03-27 08:00:00,1353.7,1354.2,1352.2,1353.0,149339,1353.0,5m,YAHOO,RELIANCE.NS,YAHOO_DOWNLOAD,,,,0,True
2026-03-27 08:05:00,1353.2,1353.6,1351.0,1351.5,202387,1351.5,5m,YAHOO,RELIANCE.NS,YAHOO_DOWNLOAD,,,,0,True
2026-03-27 08:10:00,1351.7,1355.4,1351.5,1353.8,163223,1353.8,5m,YAHOO,RELIANCE.NS,YAHOO_DOWNLOAD,,,,0,True
2026-03-27 08:15:00,1353.9,1356.2,1353.0,1354.1,390777,1354.1,5m,YAHOO,RELIANCE.NS,YAHOO_DOWNLOAD,,,,0,True
2026-03-27 08:20:00,1354.0,1355.7,1354.0,1354.4,125743,1354.4,5m,YAHOO,RELIANCE.NS,YAHOO_DOWNLOAD,,,,0,True
2026-03-27 08:25:00,1354.5,1355.2,1351.2,1352.6,253890,1352.6,5m,YAHOO,RELIANCE.NS,YAHOO_DOWNLOAD,,,,0,True
2026-03-27 08:30:00,1352.3,1354.0,1351.7,1353.1,262401,1353.1,5m,YAHOO,RELIANCE.NS,YAHOO_DOWNLOAD,,,,0,True
2026-03-27 08:35:00,1353.2,1354.3,1351.6,1353.1,279043,1353.1,5m,YAHOO,RELIANCE.NS,YAHOO_DOWNLOAD,,,,0,True
2026-03-27 08:40:00,1353.2,1354.3,1351.6,1354.1,229278,1354.1,5m,YAHOO,RELIANCE.NS,YAHOO_DOWNLOAD,,,,0,True
2026-03-27 08:45:00,1354.1,1354.5,1352.4,1353.0,312109,1353.0,5m,YAHOO,RELIANCE.NS,YAHOO_DOWNLOAD,,,,0,True
2026-03-27 08:50:00,1352.8,1353.5,1350.5,1351.3,363521,1351.3,5m,YAHOO,RELIANCE.NS,YAHOO_DOWNLOAD,,,,0,True
2026-03-27 08:55:00,1351.1,1352.8,1350.1,1350.4,471684,1350.4,5m,YAHOO,RELIANCE.NS,YAHOO_DOWNLOAD,,,,0,True
2026-03-27 09:00:00,1350.3,1350.7,1346.9,1347.9,542351,1347.9,5m,YAHOO,RELIANCE.NS,YAHOO_DOWNLOAD,,,,0,True
2026-03-27 09:05:00,1347.9,1348.6,1345.0,1345.8,315243,1345.8,5m,YAHOO,RELIANCE.NS,YAHOO_DOWNLOAD,,,,0,True
2026-03-27 09:10:00,1346.0,1349.4,1345.3,1348.6,385520,1348.6,5m,YAHOO,RELIANCE.NS,YAHOO_DOWNLOAD,,,,0,True
2026-03-27 09:15:00,1348.6,1349.9,1348.2,1348.5,310567,1348.5,5m,YAHOO,RELIANCE.NS,YAHOO_DOWNLOAD,,,,0,True
2026-03-27 09:20:00,1348.4,1351.7,1348.0,1350.4,343049,1350.4,5m,YAHOO,RELIANCE.NS,YAHOO_DOWNLOAD,,,,0,True
2026-03-27 09:25:00,1350.4,1351.3,1348.6,1349.6,364537,1349.6,5m,YAHOO,RELIANCE.NS,YAHOO_DOWNLOAD,,,,0,True
2026-03-27 09:30:00,1349.4,1351.4,1348.5,1350.7,1047856,1350.7,5m,YAHOO,RELIANCE.NS,YAHOO_DOWNLOAD,,,,0,True
2026-03-27 09:35:00,1350.8,1350.9,1348.0,1348.8,950507,1348.8,5m,YAHOO,RELIANCE.NS,YAHOO_DOWNLOAD,,,,0,True
2026-03-27 09:40:00,1348.9,1349.3,1346.8,1346.8,1004631,1346.8,5m,YAHOO,RELIANCE.NS,YAHOO_DOWNLOAD,,,,0,True
2026-03-27 09:45:00,1347.0,1348.3,1345.1,1348.1,1009174,1348.1,5m,YAHOO,RELIANCE.NS,YAHOO_DOWNLOAD,,,,0,True
2026-03-27 09:50:00,1348.0,1348.0,1346.6,1348.0,888550,1348.0,5m,YAHOO,RELIANCE.NS,YAHOO_DOWNLOAD,,,,0,True
2026-03-27 09:55:00,1348.0,1348.0,1345.9,1348.0,852497,1348.0,5m,YAHOO,RELIANCE.NS,YAHOO_DOWNLOAD,,,,0,True
2026-03-30 03:45:00,1335.9,1354.9,1335.5,1352.9,0,1352.9,5m,YAHOO,RELIANCE.NS,YAHOO_DOWNLOAD,,,,0,True
2026-03-30 03:50:00,1353.1,1357.0,1351.2,1354.3,401183,1354.3,5m,YAHOO,RELIANCE.NS,YAHOO_DOWNLOAD,,,,0,True
2026-03-30 03:55:00,1354.3,1358.8,1352.8,1356.9,353946,1356.9,5m,YAHOO,RELIANCE.NS,YAHOO_DOWNLOAD,,,,0,True
2026-03-30 04:00:00,1357.4,1359.8,1355.9,1359.7,180169,1359.7,5m,YAHOO,RELIANCE.NS,YAHOO_DOWNLOAD,,,,0,True
2026-03-30 04:05:00,1359.7,1364.5,1358.6,1362.8,270551,1362.8,5m,YAHOO,RELIANCE.NS,YAHOO_DOWNLOAD,,,,0,True
2026-03-30 04:10:00,1362.9,1365.0,1357.0,1358.1,314472,1358.1,5m,YAHOO,RELIANCE.NS,YAHOO_DOWNLOAD,,,,0,True
2026-03-30 04:15:00,1358.1,1360.8,1356.4,1359.1,178285,1359.1,5m,YAHOO,RELIANCE.NS,YAHOO_DOWNLOAD,,,,0,True
2026-03-30 04:20:00,1359.0,1362.3,1358.0,1360.5,133342,1360.5,5m,YAHOO,RELIANCE.NS,YAHOO_DOWNLOAD,,,,0,True
2026-03-30 04:25:00,1360.5,1361.2,1359.2,1359.9,119016,1359.9,5m,YAHOO,RELIANCE.NS,YAHOO_DOWNLOAD,,,,0,True
2026-03-30 04:30:00,1359.9,1361.5,1359.0,1360.2,127946,1360.2,5m,YAHOO,RELIANCE.NS,YAHOO_DOWNLOAD,,,,0,True
2026-03-30 04:35:00,1360.2,1361.0,1358.0,1358.3,153016,1358.3,5m,YAHOO,RELIANCE.NS,YAHOO_DOWNLOAD,,,,0,True
2026-03-30 04:40:00,1358.2,1358.5,1353.6,1358.0,229531,1358.0,5m,YAHOO,RELIANCE.NS,YAHOO_DOWNLOAD,,,,0,True
2026-03-30 04:45:00,1357.8,1359.0,1355.5,1356.7,103656,1356.7,5m,YAHOO,RELIANCE.NS,YAHOO_DOWNLOAD,,,,0,True
2026-03-30 04:50:00,1356.7,1356.8,1352.5,1352.8,190210,1352.8,5m,YAHOO,RELIANCE.NS,YAHOO_DOWNLOAD,,,,0,True
2026-03-30 04:55:00,1353.1,1354.5,1352.1,1352.1,114605,1352.1,5m,YAHOO,RELIANCE.NS,YAHOO_DOWNLOAD,,,,0,True
2026-03-30 05:00:00,1352.3,1352.9,1352.0,1352.3,90804,1352.3,5m,YAHOO,RELIANCE.NS,YAHOO_DOWNLOAD,,,,0,True
2026-03-30 05:05:00,1352.4,1354.6,1349.6,1350.0,763226,1350.0,5m,YAHOO,RELIANCE.NS,YAHOO_DOWNLOAD,,,,0,True
2026-03-30 05:10:00,1350.1,1352.0,1348.7,1351.6,331538,1351.6,5m,YAHOO,RELIANCE.NS,YAHOO_DOWNLOAD,,,,0,True
2026-03-30 05:15:00,1351.7,1353.9,1350.8,1351.5,297798,1351.5,5m,YAHOO,RELIANCE.NS,YAHOO_DOWNLOAD,,,,0,True
2026-03-30 05:20:00,1351.5,1353.6,1349.0,1350.5,732091,1350.5,5m,YAHOO,RELIANCE.NS,YAHOO_DOWNLOAD,,,,0,True
2026-03-30 05:25:00,1350.5,1350.6,1344.3,1348.1,670920,1348.1,5m,YAHOO,RELIANCE.NS,YAHOO_DOWNLOAD,,,,0,True
2026-03-30 05:30:00,1348.0,1349.8,1347.3,1347.6,276109,1347.6,5m,YAHOO,RELIANCE.NS,YAHOO_DOWNLOAD,,,,0,True
2026-03-30 05:35:00,1347.5,1349.2,1345.9,1346.1,310166,1346.1,5m,YAHOO,RELIANCE.NS,YAHOO_DOWNLOAD,,,,0,True
2026-03-30 05:40:00,1345.3,1347.2,1340.5,1343.5,299203,1343.5,5m,YAHOO,RELIANCE.NS,YAHOO_DOWNLOAD,,,,0,True
2026-03-30 05:45:00,1344.4,1344.4,1341.0,1342.0,157004,1342.0,5m,YAHOO,RELIANCE.NS,YAHOO_DOWNLOAD,,,,0,True
2026-03-30 05:50:00,1342.0,1344.9,1339.6,1344.8,313650,1344.8,5m,YAHOO,RELIANCE.NS,YAHOO_DOWNLOAD,,,,0,True
2026-03-30 05:55:00,1344.8,1345.8,1342.1,1343.9,223767,1343.9,5m,YAHOO,RELIANCE.NS,YAHOO_DOWNLOAD,,,,0,True
2026-03-30 06:00:00,1343.9,1345.8,1342.7,1345.0,246688,1345.0,5m,YAHOO,RELIANCE.NS,YAHOO_DOWNLOAD,,,,0,True
2026-03-30 06:05:00,1345.0,1349.9,1345.0,1348.2,274344,1348.2,5m,YAHOO,RELIANCE.NS,YAHOO_DOWNLOAD,,,,0,True
2026-03-30 06:10:00,1347.9,1347.9,1342.7,1342.7,361951,1342.7,5m,YAHOO,RELIANCE.NS,YAHOO_DOWNLOAD,,,,0,True
2026-03-30 06:15:00,1343.3,1343.3,1339.4,1339.7,216653,1339.7,5m,YAHOO,RELIANCE.NS,YAHOO_DOWNLOAD,,,,0,True
2026-03-30 06:20:00,1339.0,1342.3,1338.3,1341.8,139981,1341.8,5m,YAHOO,RELIANCE.NS,YAHOO_DOWNLOAD,,,,0,True
2026-03-30 06:25:00,1341.5,1342.5,1340.4,1341.6,81111,1341.6,5m,YAHOO,RELIANCE.NS,YAHOO_DOWNLOAD,,,,0,True
2026-03-30 06:30:00,1341.6,1348.9,1340.9,1348.6,268985,1348.6,5m,YAHOO,RELIANCE.NS,YAHOO_DOWNLOAD,,,,0,True
2026-03-30 06:35:00,1348.5,1351.3,1348.1,1349.8,323425,1349.8,5m,YAHOO,RELIANCE.NS,YAHOO_DOWNLOAD,,,,0,True
2026-03-30 06:40:00,1349.8,1349.9,1348.1,1348.8,63244,1348.8,5m,YAHOO,RELIANCE.NS,YAHOO_DOWNLOAD,,,,0,True
2026-03-30 06:45:00,1348.7,1349.8,1345.7,1346.2,134609,1346.2,5m,YAHOO,RELIANCE.NS,YAHOO_DOWNLOAD,,,,0,True
2026-03-30 06:50:00,1346.3,1350.5,1346.0,1346.1,143630,1346.1,5m,YAHOO,RELIANCE.NS,YAHOO_DOWNLOAD,,,,0,True
2026-03-30 06:55:00,1346.1,1346.2,1343.4,1345.0,241384,1345.0,5m,YAHOO,RELIANCE.NS,YAHOO_DOWNLOAD,,,,0,True
2026-03-30 07:00:00,1345.1,1347.1,1344.1,1346.5,80414,1346.5,5m,YAHOO,RELIANCE.NS,YAHOO_DOWNLOAD,,,,0,True
2026-03-30 07:05:00,1346.5,1352.0,1346.1,1351.8,283171,1351.8,5m,YAHOO,RELIANCE.NS,YAHOO_DOWNLOAD,,,,0,True
2026-03-30 07:10:00,1351.7,1353.5,1350.6,1350.8,129662,1350.8,5m,YAHOO,RELIANCE.NS,YAHOO_DOWNLOAD,,,,0,True
2026-03-30 07:15:00,1350.8,1351.9,1350.0,1350.0,94210,1350.0,5m,YAHOO,RELIANCE.NS,YAHOO_DOWNLOAD,,,,0,True
2026-03-30 07:20:00,1350.3,1350.8,1347.3,1348.3,176572,1348.3,5m,YAHOO,RELIANCE.NS,YAHOO_DOWNLOAD,,,,0,True
2026-03-30 07:25:00,1348.3,1350.4,1347.6,1350.4,194798,1350.4,5m,YAHOO,RELIANCE.NS,YAHOO_DOWNLOAD,,,,0,True
2026-03-30 07:30:00,1350.3,1351.5,1348.1,1348.7,133423,1348.7,5m,YAHOO,RELIANCE.NS,YAHOO_DOWNLOAD,,,,0,True
2026-03-30 07:35:00,1348.6,1349.3,1346.8,1348.0,189395,1348.0,5m,YAHOO,RELIANCE.NS,YAHOO_DOWNLOAD,,,,0,True
2026-03-30 07:40:00,1347.8,1348.9,1346.3,1348.8,174867,1348.8,5m,YAHOO,RELIANCE.NS,YAHOO_DOWNLOAD,,,,0,True
2026-03-30 07:45:00,1348.9,1350.0,1347.0,1348.0,220524,1348.0,5m,YAHOO,RELIANCE.NS,YAHOO_DOWNLOAD,,,,0,True
2026-03-30 07:50:00,1348.0,1349.3,1347.3,1347.3,140768,1347.3,5m,YAHOO,RELIANCE.NS,YAHOO_DOWNLOAD,,,,0,True
2026-03-30 07:55:00,1347.7,1348.6,1345.8,1345.8,147814,1345.8,5m,YAHOO,RELIANCE.NS,YAHOO_DOWNLOAD,,,,0,True
2026-03-30 08:00:00,1345.8,1346.2,1344.5,1345.9,140706,1345.9,5m,YAHOO,RELIANCE.NS,YAHOO_DOWNLOAD,,,,0,True
2026-03-30 08:05:00,1345.9,1347.3,1345.0,1346.5,80672,1346.5,5m,YAHOO,RELIANCE.NS,YAHOO_DOWNLOAD,,,,0,True
2026-03-30 08:10:00,1346.7,1347.5,1344.4,1345.2,150042,1345.2,5m,YAHOO,RELIANCE.NS,YAHOO_DOWNLOAD,,,,0,True
2026-03-30 08:15:00,1345.6,1346.2,1345.0,1345.1,97188,1345.1,5m,YAHOO,RELIANCE.NS,YAHOO_DOWNLOAD,,,,0,True
2026-03-30 08:20:00,1345.1,1345.7,1343.5,1344.3,92098,1344.3,5m,YAHOO,RELIANCE.NS,YAHOO_DOWNLOAD,,,,0,True
2026-03-30 08:25:00,1344.4,1345.9,1343.9,1345.2,236210,1345.2,5m,YAHOO,RELIANCE.NS,YAHOO_DOWNLOAD,,,,0,True
2026-03-30 08:30:00,1345.0,1349.6,1344.3,1348.4,238052,1348.4,5m,YAHOO,RELIANCE.NS,YAHOO_DOWNLOAD,,,,0,True
2026-03-30 08:35:00,1348.3,1349.5,1347.6,1348.1,170857,1348.1,5m,YAHOO,RELIANCE.NS,YAHOO_DOWNLOAD,,,,0,True
2026-03-30 08:40:00,1347.9,1348.0,1345.3,1345.4,147329,1345.4,5m,YAHOO,RELIANCE.NS,YAHOO_DOWNLOAD,,,,0,True
2026-03-30 08:45:00,1345.4,1346.6,1345.3,1346.2,170536,1346.2,5m,YAHOO,RELIANCE.NS,YAHOO_DOWNLOAD,,,,0,True
2026-03-30 08:50:00,1346.1,1348.0,1344.5,1345.1,192937,1345.1,5m,YAHOO,RELIANCE.NS,YAHOO_DOWNLOAD,,,,0,True
2026-03-30 08:55:00,1345.0,1345.0,1343.2,1344.4,247303,1344.4,5m,YAHOO,RELIANCE.NS,YAHOO_DOWNLOAD,,,,0,True
2026-03-30 09:00:00,1344.4,1348.9,1344.4,1346.4,284337,1346.4,5m,YAHOO,RELIANCE.NS,YAHOO_DOWNLOAD,,,,0,True
2026-03-30 09:05:00,1346.3,1349.0,1345.5,1345.7,226891,1345.7,5m,YAHOO,RELIANCE.NS,YAHOO_DOWNLOAD,,,,0,True
2026-03-30 09:10:00,1345.9,1346.9,1345.3,1346.0,209051,1346.0,5m,YAHOO,RELIANCE.NS,YAHOO_DOWNLOAD,,,,0,True
2026-03-30 09:15:00,1346.0,1346.9,1343.6,1345.7,405883,1345.7,5m,YAHOO,RELIANCE.NS,YAHOO_DOWNLOAD,,,,0,True
2026-03-30 09:20:00,1345.7,1346.7,1344.6,1345.5,367604,1345.5,5m,YAHOO,RELIANCE.NS,YAHOO_DOWNLOAD,,,,0,True
2026-03-30 09:25:00,1345.5,1346.1,1344.6,1345.8,240284,1345.8,5m,YAHOO,RELIANCE.NS,YAHOO_DOWNLOAD,,,,0,True
2026-03-30 09:30:00,1344.5,1347.6,1339.9,1344.3,3108866,1344.3,5m,YAHOO,RELIANCE.NS,YAHOO_DOWNLOAD,,,,0,True
2026-03-30 09:35:00,1344.4,1345.8,1341.8,1341.9,698869,1341.9,5m,YAHOO,RELIANCE.NS,YAHOO_DOWNLOAD,,,,0,True
2026-03-30 09:40:00,1342.0,1342.8,1339.8,1341.5,1485244,1341.5,5m,YAHOO,RELIANCE.NS,YAHOO_DOWNLOAD,,,,0,True
2026-03-30 09:45:00,1341.5,1342.8,1340.2,1342.7,799525,1342.7,5m,YAHOO,RELIANCE.NS,YAHOO_DOWNLOAD,,,,0,True
2026-03-30 09:50:00,1342.6,1347.7,1341.5,1347.0,770684,1347.0,5m,YAHOO,RELIANCE.NS,YAHOO_DOWNLOAD,,,,0,True
2026-03-30 09:55:00,1346.8,1355.0,1345.0,1350.0,745461,1350.0,5m,YAHOO,RELIANCE.NS,YAHOO_DOWNLOAD,,,,0,True
2026-04-01 03:45:00,1376.3,1377.4,1365.0,1369.9,0,1369.9,5m,YAHOO,RELIANCE.NS,YAHOO_DOWNLOAD,,,,0,True
2026-04-01 03:50:00,1369.6,1372.0,1368.2,1369.7,250120,1369.7,5m,YAHOO,RELIANCE.NS,YAHOO_DOWNLOAD,,,,0,True
2026-04-01 03:55:00,1369.7,1373.3,1368.0,1372.0,214881,1372.0,5m,YAHOO,RELIANCE.NS,YAHOO_DOWNLOAD,,,,0,True
2026-04-01 04:00:00,1372.0,1372.6,1369.5,1371.0,184147,1371.0,5m,YAHOO,RELIANCE.NS,YAHOO_DOWNLOAD,,,,0,True
2026-04-01 04:05:00,1370.0,1370.4,1369.0,1369.4,148764,1369.4,5m,YAHOO,RELIANCE.NS,YAHOO_DOWNLOAD,,,,0,True
2026-04-01 04:10:00,1369.5,1371.9,1369.5,1371.0,97072,1371.0,5m,YAHOO,RELIANCE.NS,YAHOO_DOWNLOAD,,,,0,True
2026-04-01 04:15:00,1370.8,1371.5,1370.7,1371.0,78335,1371.0,5m,YAHOO,RELIANCE.NS,YAHOO_DOWNLOAD,,,,0,True
2026-04-01 04:20:00,1371.3,1374.4,1371.2,1372.5,200227,1372.5,5m,YAHOO,RELIANCE.NS,YAHOO_DOWNLOAD,,,,0,True
2026-04-01 04:25:00,1372.5,1373.5,1370.1,1373.5,105366,1373.5,5m,YAHOO,RELIANCE.NS,YAHOO_DOWNLOAD,,,,0,True
2026-04-01 04:30:00,1373.5,1378.7,1373.5,1376.5,201461,1376.5,5m,YAHOO,RELIANCE.NS,YAHOO_DOWNLOAD,,,,0,True
2026-04-01 04:35:00,1376.8,1377.9,1376.2,1377.0,77115,1377.0,5m,YAHOO,RELIANCE.NS,YAHOO_DOWNLOAD,,,,0,True
2026-04-01 04:40:00,1377.1,1377.4,1374.0,1375.0,90958,1375.0,5m,YAHOO,RELIANCE.NS,YAHOO_DOWNLOAD,,,,0,True
2026-04-01 04:45:00,1375.0,1375.8,1374.0,1375.2,66959,1375.2,5m,YAHOO,RELIANCE.NS,YAHOO_DOWNLOAD,,,,0,True
2026-04-01 04:50:00,1375.4,1376.0,1371.7,1375.1,148309,1375.1,5m,YAHOO,RELIANCE.NS,YAHOO_DOWNLOAD,,,,0,True
2026-04-01 04:55:00,1375.1,1375.1,1370.5,1370.5,111504,1370.5,5m,YAHOO,RELIANCE.NS,YAHOO_DOWNLOAD,,,,0,True
2026-04-01 05:00:00,1371.1,1372.0,1370.1,1371.2,125853,1371.2,5m,YAHOO,RELIANCE.NS,YAHOO_DOWNLOAD,,,,0,True
2026-04-01 05:05:00,1371.3,1373.9,1371.3,1373.4,67258,1373.4,5m,YAHOO,RELIANCE.NS,YAHOO_DOWNLOAD,,,,0,True
2026-04-01 05:10:00,1373.7,1373.7,1370.3,1371.2,149082,1371.2,5m,YAHOO,RELIANCE.NS,YAHOO_DOWNLOAD,,,,0,True
2026-04-01 05:15:00,1371.1,1372.9,1369.6,1371.0,158061,1371.0,5m,YAHOO,RELIANCE.NS,YAHOO_DOWNLOAD,,,,0,True
2026-04-01 05:20:00,1370.8,1372.7,1370.7,1371.9,275723,1371.9,5m,YAHOO,RELIANCE.NS,YAHOO_DOWNLOAD,,,,0,True
2026-04-01 05:25:00,1372.3,1373.0,1371.0,1371.0,165455,1371.0,5m,YAHOO,RELIANCE.NS,YAHOO_DOWNLOAD,,,,0,True
2026-04-01 05:30:00,1371.0,1371.5,1369.5,1370.8,139300,1370.8,5m,YAHOO,RELIANCE.NS,YAHOO_DOWNLOAD,,,,0,True
2026-04-01 05:35:00,1371.1,1374.4,1370.0,1373.9,128598,1373.9,5m,YAHOO,RELIANCE.NS,YAHOO_DOWNLOAD,,,,0,True
2026-04-01 05:40:00,1374.0,1374.9,1372.2,1372.2,140123,1372.2,5m,YAHOO,RELIANCE.NS,YAHOO_DOWNLOAD,,,,0,True
2026-04-01 05:45:00,1372.2,1373.7,1370.9,1373.7,146816,1373.7,5m,YAHOO,RELIANCE.NS,YAHOO_DOWNLOAD,,,,0,True
2026-04-01 05:50:00,1373.2,1374.8,1373.2,1374.8,71169,1374.8,5m,YAHOO,RELIANCE.NS,YAHOO_DOWNLOAD,,,,0,True
2026-04-01 05:55:00,1374.7,1376.5,1374.7,1375.0,144891,1375.0,5m,YAHOO,RELIANCE.NS,YAHOO_DOWNLOAD,,,,0,True
2026-04-01 06:00:00,1374.9,1375.3,1373.4,1373.7,140781,1373.7,5m,YAHOO,RELIANCE.NS,YAHOO_DOWNLOAD,,,,0,True
2026-04-01 06:05:00,1373.7,1376.5,1372.2,1376.4,181246,1376.4,5m,YAHOO,RELIANCE.NS,YAHOO_DOWNLOAD,,,,0,True
2026-04-01 06:10:00,1376.4,1377.6,1376.1,1376.7,129460,1376.7,5m,YAHOO,RELIANCE.NS,YAHOO_DOWNLOAD,,,,0,True
2026-04-01 06:15:00,1376.7,1377.8,1374.2,1374.8,156292,1374.8,5m,YAHOO,RELIANCE.NS,YAHOO_DOWNLOAD,,,,0,True
2026-04-01 06:20:00,1374.9,1375.5,1372.1,1372.7,154347,1372.7,5m,YAHOO,RELIANCE.NS,YAHOO_DOWNLOAD,,,,0,True
2026-04-01 06:25:00,1372.7,1375.3,1370.9,1373.9,216719,1373.9,5m,YAHOO,RELIANCE.NS,YAHOO_DOWNLOAD,,,,0,True
2026-04-01 06:30:00,1373.8,1378.0,1373.8,1377.3,107923,1377.3,5m,YAHOO,RELIANCE.NS,YAHOO_DOWNLOAD,,,,0,True
2026-04-01 06:35:00,1377.2,1379.0,1376.4,1377.6,170801,1377.6,5m,YAHOO,RELIANCE.NS,YAHOO_DOWNLOAD,,,,0,True
2026-04-01 06:40:00,1377.4,1378.3,1376.2,1377.9,121158,1377.9,5m,YAHOO,RELIANCE.NS,YAHOO_DOWNLOAD,,,,0,True
2026-04-01 06:45:00,1377.9,1378.9,1375.4,1375.9,208724,1375.9,5m,YAHOO,RELIANCE.NS,YAHOO_DOWNLOAD,,,,0,True
2026-04-01 06:50:00,1375.9,1377.2,1375.5,1376.6,105612,1376.6,5m,YAHOO,RELIANCE.NS,YAHOO_DOWNLOAD,,,,0,True
2026-04-01 06:55:00,1376.7,1376.8,1373.8,1374.9,74215,1374.9,5m,YAHOO,RELIANCE.NS,YAHOO_DOWNLOAD,,,,0,True
2026-04-01 07:00:00,1374.9,1375.7,1373.1,1374.3,86095,1374.3,5m,YAHOO,RELIANCE.NS,YAHOO_DOWNLOAD,,,,0,True
2026-04-01 07:05:00,1374.2,1374.8,1372.0,1374.6,110370,1374.6,5m,YAHOO,RELIANCE.NS,YAHOO_DOWNLOAD,,,,0,True
2026-04-01 07:10:00,1374.8,1376.9,1373.0,1373.1,248288,1373.1,5m,YAHOO,RELIANCE.NS,YAHOO_DOWNLOAD,,,,0,True
2026-04-01 07:15:00,1373.1,1375.8,1372.9,1375.1,101058,1375.1,5m,YAHOO,RELIANCE.NS,YAHOO_DOWNLOAD,,,,0,True
2026-04-01 07:20:00,1375.0,1375.0,1373.7,1374.7,55427,1374.7,5m,YAHOO,RELIANCE.NS,YAHOO_DOWNLOAD,,,,0,True
2026-04-01 07:25:00,1375.0,1375.2,1373.1,1374.1,114741,1374.1,5m,YAHOO,RELIANCE.NS,YAHOO_DOWNLOAD,,,,0,True
2026-04-01 07:30:00,1374.1,1375.5,1373.7,1375.3,116165,1375.3,5m,YAHOO,RELIANCE.NS,YAHOO_DOWNLOAD,,,,0,True
2026-04-01 07:35:00,1375.2,1376.0,1373.8,1375.4,79294,1375.4,5m,YAHOO,RELIANCE.NS,YAHOO_DOWNLOAD,,,,0,True
2026-04-01 07:40:00,1375.4,1376.7,1373.8,1376.5,168780,1376.5,5m,YAHOO,RELIANCE.NS,YAHOO_DOWNLOAD,,,,0,True
2026-04-01 07:45:00,1376.3,1376.7,1373.2,1373.9,146611,1373.9,5m,YAHOO,RELIANCE.NS,YAHOO_DOWNLOAD,,,,0,True
2026-04-01 07:50:00,1373.9,1374.4,1372.6,1373.0,66184,1373.0,5m,YAHOO,RELIANCE.NS,YAHOO_DOWNLOAD,,,,0,True
2026-04-01 07:55:00,1373.0,1373.3,1371.9,1372.9,162006,1372.9,5m,YAHOO,RELIANCE.NS,YAHOO_DOWNLOAD,,,,0,True
2026-04-01 08:00:00,1373.1,1373.2,1369.4,1370.5,144164,1370.5,5m,YAHOO,RELIANCE.NS,YAHOO_DOWNLOAD,,,,0,True
2026-04-01 08:05:00,1370.5,1371.0,1370.2,1370.3,76639,1370.3,5m,YAHOO,RELIANCE.NS,YAHOO_DOWNLOAD,,,,0,True
2026-04-01 08:10:00,1369.8,1369.8,1363.3,1364.9,268122,1364.9,5m,YAHOO,RELIANCE.NS,YAHOO_DOWNLOAD,,,,0,True
2026-04-01 08:15:00,1365.0,1368.2,1364.2,1365.9,204076,1365.9,5m,YAHOO,RELIANCE.NS,YAHOO_DOWNLOAD,,,,0,True
2026-04-01 08:20:00,1365.8,1366.2,1362.9,1364.7,283914,1364.7,5m,YAHOO,RELIANCE.NS,YAHOO_DOWNLOAD,,,,0,True
2026-04-01 08:25:00,1364.9,1365.9,1364.6,1365.9,81848,1365.9,5m,YAHOO,RELIANCE.NS,YAHOO_DOWNLOAD,,,,0,True
2026-04-01 08:30:00,1365.9,1367.4,1365.1,1366.5,76530,1366.5,5m,YAHOO,RELIANCE.NS,YAHOO_DOWNLOAD,,,,0,True
2026-04-01 08:35:00,1366.6,1367.8,1366.2,1367.7,59203,1367.7,5m,YAHOO,RELIANCE.NS,YAHOO_DOWNLOAD,,,,0,True
2026-04-01 08:40:00,1367.7,1369.0,1366.0,1368.6,191389,1368.6,5m,YAHOO,RELIANCE.NS,YAHOO_DOWNLOAD,,,,0,True
2026-04-01 08:45:00,1368.6,1369.0,1367.3,1369.0,60294,1369.0,5m,YAHOO,RELIANCE.NS,YAHOO_DOWNLOAD,,,,0,True
2026-04-01 08:50:00,1368.9,1369.6,1368.0,1369.3,64009,1369.3,5m,YAHOO,RELIANCE.NS,YAHOO_DOWNLOAD,,,,0,True
2026-04-01 08:55:00,1369.3,1369.6,1368.4,1368.8,50574,1368.8,5m,YAHOO,RELIANCE.NS,YAHOO_DOWNLOAD,,,,0,True
2026-04-01 09:00:00,1368.8,1369.2,1368.7,1368.9,64634,1368.9,5m,YAHOO,RELIANCE.NS,YAHOO_DOWNLOAD,,,,0,True
2026-04-01 09:05:00,1368.8,1368.9,1366.7,1366.7,92166,1366.7,5m,YAHOO,RELIANCE.NS,YAHOO_DOWNLOAD,,,,0,True
2026-04-01 09:10:00,1366.8,1368.8,1366.0,1368.0,119130,1368.0,5m,YAHOO,RELIANCE.NS,YAHOO_DOWNLOAD,,,,0,True
2026-04-01 09:15:00,1368.1,1368.1,1365.5,1367.4,123002,1367.4,5m,YAHOO,RELIANCE.NS,YAHOO_DOWNLOAD,,,,0,True
2026-04-01 09:20:00,1367.3,1368.5,1364.9,1367.0,291142,1367.0,5m,YAHOO,RELIANCE.NS,YAHOO_DOWNLOAD,,,,0,True
2026-04-01 09:25:00,1366.9,1367.7,1364.2,1364.2,504140,1364.2,5m,YAHOO,RELIANCE.NS,YAHOO_DOWNLOAD,,,,0,True
2026-04-01 09:30:00,1364.6,1369.3,1364.6,1368.3,580244,1368.3,5m,YAHOO,RELIANCE.NS,YAHOO_DOWNLOAD,,,,0,True
2026-04-01 09:35:00,1368.4,1369.2,1367.2,1369.0,391831,1369.0,5m,YAHOO,RELIANCE.NS,YAHOO_DOWNLOAD,,,,0,True
2026-04-01 09:40:00,1369.1,1371.2,1369.0,1369.6,758979,1369.6,5m,YAHOO,RELIANCE.NS,YAHOO_DOWNLOAD,,,,0,True
2026-04-01 09:45:00,1369.9,1370.7,1368.6,1370.7,353016,1370.7,5m,YAHOO,RELIANCE.NS,YAHOO_DOWNLOAD,,,,0,True
2026-04-01 09:50:00,1370.7,1371.1,1369.2,1369.3,304975,1369.3,5m,YAHOO,RELIANCE.NS,YAHOO_DOWNLOAD,,,,0,True
2026-04-01 09:55:00,1369.3,1370.8,1368.6,1369.9,283465,1369.9,5m,YAHOO,RELIANCE.NS,YAHOO_DOWNLOAD,,,,0,True
2026-04-02 03:45:00,1358.0,1358.0,1349.4,1351.2,0,1351.2,5m,YAHOO,RELIANCE.NS,YAHOO_DOWNLOAD,,,,0,True
2026-04-02 03:50:00,1351.7,1353.8,1351.0,1351.2,244785,1351.2,5m,YAHOO,RELIANCE.NS,YAHOO_DOWNLOAD,,,,0,True
2026-04-02 03:55:00,1351.3,1352.9,1350.0,1350.8,201242,1350.8,5m,YAHOO,RELIANCE.NS,YAHOO_DOWNLOAD,,,,0,True
2026-04-02 04:00:00,1350.1,1351.6,1349.1,1351.4,206642,1351.4,5m,YAHOO,RELIANCE.NS,YAHOO_DOWNLOAD,,,,0,True
2026-04-02 04:05:00,1351.1,1351.4,1346.9,1347.0,231929,1347.0,5m,YAHOO,RELIANCE.NS,YAHOO_DOWNLOAD,,,,0,True
2026-04-02 04:10:00,1346.5,1347.8,1343.3,1343.5,233016,1343.5,5m,YAHOO,RELIANCE.NS,YAHOO_DOWNLOAD,,,,0,True
2026-04-02 04:15:00,1343.4,1345.0,1341.1,1341.6,321588,1341.6,5m,YAHOO,RELIANCE.NS,YAHOO_DOWNLOAD,,,,0,True
2026-04-02 04:20:00,1341.6,1342.0,1340.0,1340.9,200068,1340.9,5m,YAHOO,RELIANCE.NS,YAHOO_DOWNLOAD,,,,0,True
2026-04-02 04:25:00,1341.0,1341.3,1338.1,1338.8,113201,1338.8,5m,YAHOO,RELIANCE.NS,YAHOO_DOWNLOAD,,,,0,True
2026-04-02 04:30:00,1338.8,1338.9,1335.6,1335.9,180221,1335.9,5m,YAHOO,RELIANCE.NS,YAHOO_DOWNLOAD,,,,0,True
2026-04-02 04:35:00,1336.1,1336.7,1329.4,1329.6,328066,1329.6,5m,YAHOO,RELIANCE.NS,YAHOO_DOWNLOAD,,,,0,True
2026-04-02 04:40:00,1329.6,1334.5,1328.6,1333.8,153577,1333.8,5m,YAHOO,RELIANCE.NS,YAHOO_DOWNLOAD,,,,0,True
2026-04-02 04:45:00,1333.8,1333.8,1329.7,1332.0,241884,1332.0,5m,YAHOO,RELIANCE.NS,YAHOO_DOWNLOAD,,,,0,True
2026-04-02 04:50:00,1332.0,1332.9,1328.4,1328.8,118099,1328.8,5m,YAHOO,RELIANCE.NS,YAHOO_DOWNLOAD,,,,0,True
2026-04-02 04:55:00,1328.8,1332.4,1328.1,1332.3,110610,1332.3,5m,YAHOO,RELIANCE.NS,YAHOO_DOWNLOAD,,,,0,True
2026-04-02 05:00:00,1331.9,1334.0,1331.1,1331.5,102935,1331.5,5m,YAHOO,RELIANCE.NS,YAHOO_DOWNLOAD,,,,0,True
2026-04-02 05:05:00,1331.5,1332.4,1331.0,1331.9,51387,1331.9,5m,YAHOO,RELIANCE.NS,YAHOO_DOWNLOAD,,,,0,True
2026-04-02 05:10:00,1332.1,1334.0,1331.6,1333.0,90427,1333.0,5m,YAHOO,RELIANCE.NS,YAHOO_DOWNLOAD,,,,0,True
2026-04-02 05:15:00,1332.5,1334.4,1332.1,1333.8,119958,1333.8,5m,YAHOO,RELIANCE.NS,YAHOO_DOWNLOAD,,,,0,True
2026-04-02 05:20:00,1333.9,1338.8,1333.5,1337.0,169670,1337.0,5m,YAHOO,RELIANCE.NS,YAHOO_DOWNLOAD,,,,0,True
2026-04-02 05:25:00,1337.0,1340.8,1336.5,1340.7,260930,1340.7,5m,YAHOO,RELIANCE.NS,YAHOO_DOWNLOAD,,,,0,True
2026-04-02 05:30:00,1340.7,1341.7,1338.5,1339.0,153584,1339.0,5m,YAHOO,RELIANCE.NS,YAHOO_DOWNLOAD,,,,0,True
2026-04-02 05:35:00,1339.1,1341.0,1338.6,1340.1,229558,1340.1,5m,YAHOO,RELIANCE.NS,YAHOO_DOWNLOAD,,,,0,True
2026-04-02 05:40:00,1340.1,1340.9,1338.5,1340.7,177854,1340.7,5m,YAHOO,RELIANCE.NS,YAHOO_DOWNLOAD,,,,0,True
2026-04-02 05:45:00,1340.4,1341.0,1336.8,1338.4,175648,1338.4,5m,YAHOO,RELIANCE.NS,YAHOO_DOWNLOAD,,,,0,True
2026-04-02 05:50:00,1338.0,1340.0,1337.7,1339.0,99695,1339.0,5m,YAHOO,RELIANCE.NS,YAHOO_DOWNLOAD,,,,0,True
2026-04-02 05:55:00,1338.7,1339.5,1338.1,1338.2,42289,1338.2,5m,YAHOO,RELIANCE.NS,YAHOO_DOWNLOAD,,,,0,True
2026-04-02 06:00:00,1338.3,1341.2,1338.3,1339.6,165362,1339.6,5m,YAHOO,RELIANCE.NS,YAHOO_DOWNLOAD,,,,0,True
2026-04-02 06:05:00,1339.8,1341.5,1339.2,1341.4,104985,1341.4,5m,YAHOO,RELIANCE.NS,YAHOO_DOWNLOAD,,,,0,True
2026-04-02 06:10:00,1341.3,1341.5,1338.1,1338.3,120233,1338.3,5m,YAHOO,RELIANCE.NS,YAHOO_DOWNLOAD,,,,0,True
2026-04-02 06:15:00,1338.3,1340.4,1338.1,1339.1,68391,1339.1,5m,YAHOO,RELIANCE.NS,YAHOO_DOWNLOAD,,,,0,True
2026-04-02 06:20:00,1339.1,1341.0,1338.8,1339.1,120295,1339.1,5m,YAHOO,RELIANCE.NS,YAHOO_DOWNLOAD,,,,0,True
2026-04-02 06:25:00,1339.1,1342.8,1338.5,1341.2,158071,1341.2,5m,YAHOO,RELIANCE.NS,YAHOO_DOWNLOAD,,,,0,True
2026-04-02 06:30:00,1340.7,1344.9,1340.7,1343.6,195447,1343.6,5m,YAHOO,RELIANCE.NS,YAHOO_DOWNLOAD,,,,0,True
2026-04-02 06:35:00,1343.6,1345.7,1342.4,1344.3,151063,1344.3,5m,YAHOO,RELIANCE.NS,YAHOO_DOWNLOAD,,,,0,True
2026-04-02 06:40:00,1344.3,1345.8,1343.1,1343.7,70234,1343.7,5m,YAHOO,RELIANCE.NS,YAHOO_DOWNLOAD,,,,0,True
2026-04-02 06:45:00,1343.7,1344.3,1341.9,1343.3,169686,1343.3,5m,YAHOO,RELIANCE.NS,YAHOO_DOWNLOAD,,,,0,True
2026-04-02 06:50:00,1342.8,1343.3,1341.1,1342.7,82033,1342.7,5m,YAHOO,RELIANCE.NS,YAHOO_DOWNLOAD,,,,0,True
2026-04-02 06:55:00,1342.3,1344.5,1342.2,1344.5,56368,1344.5,5m,YAHOO,RELIANCE.NS,YAHOO_DOWNLOAD,,,,0,True
2026-04-02 07:00:00,1344.6,1345.0,1343.2,1344.8,90518,1344.8,5m,YAHOO,RELIANCE.NS,YAHOO_DOWNLOAD,,,,0,True
2026-04-02 07:05:00,1344.9,1346.9,1343.7,1345.5,105254,1345.5,5m,YAHOO,RELIANCE.NS,YAHOO_DOWNLOAD,,,,0,True
2026-04-02 07:10:00,1345.5,1345.9,1343.7,1344.7,67777,1344.7,5m,YAHOO,RELIANCE.NS,YAHOO_DOWNLOAD,,,,0,True
2026-04-02 07:15:00,1345.0,1345.7,1343.0,1343.2,76246,1343.2,5m,YAHOO,RELIANCE.NS,YAHOO_DOWNLOAD,,,,0,True
2026-04-02 07:20:00,1343.7,1345.6,1341.9,1342.2,134859,1342.2,5m,YAHOO,RELIANCE.NS,YAHOO_DOWNLOAD,,,,0,True
2026-04-02 07:25:00,1342.0,1345.7,1341.0,1341.5,420878,1341.5,5m,YAHOO,RELIANCE.NS,YAHOO_DOWNLOAD,,,,0,True
2026-04-02 07:30:00,1341.6,1345.2,1341.5,1342.0,376833,1342.0,5m,YAHOO,RELIANCE.NS,YAHOO_DOWNLOAD,,,,0,True
2026-04-02 07:35:00,1342.0,1342.8,1338.7,1342.5,285895,1342.5,5m,YAHOO,RELIANCE.NS,YAHOO_DOWNLOAD,,,,0,True
2026-04-02 07:40:00,1342.5,1342.8,1339.6,1341.0,230345,1341.0,5m,YAHOO,RELIANCE.NS,YAHOO_DOWNLOAD,,,,0,True
2026-04-02 07:45:00,1341.4,1343.0,1340.6,1341.5,166193,1341.5,5m,YAHOO,RELIANCE.NS,YAHOO_DOWNLOAD,,,,0,True
2026-04-02 07:50:00,1341.9,1343.8,1341.2,1343.2,298319,1343.2,5m,YAHOO,RELIANCE.NS,YAHOO_DOWNLOAD,,,,0,True
2026-04-02 07:55:00,1343.4,1345.3,1341.3,1344.8,219455,1344.8,5m,YAHOO,RELIANCE.NS,YAHOO_DOWNLOAD,,,,0,True
2026-04-02 08:00:00,1344.7,1344.9,1342.5,1343.6,198640,1343.6,5m,YAHOO,RELIANCE.NS,YAHOO_DOWNLOAD,,,,0,True
2026-04-02 08:05:00,1343.8,1344.8,1342.0,1344.3,131539,1344.3,5m,YAHOO,RELIANCE.NS,YAHOO_DOWNLOAD,,,,0,True
2026-04-02 08:10:00,1344.3,1346.3,1344.1,1345.6,188773,1345.6,5m,YAHOO,RELIANCE.NS,YAHOO_DOWNLOAD,,,,0,True
2026-04-02 08:15:00,1345.7,1347.0,1344.4,1346.8,106449,1346.8,5m,YAHOO,RELIANCE.NS,YAHOO_DOWNLOAD,,,,0,True
2026-04-02 08:20:00,1346.1,1348.2,1345.1,1346.5,172852,1346.5,5m,YAHOO,RELIANCE.NS,YAHOO_DOWNLOAD,,,,0,True
2026-04-02 08:25:00,1346.5,1347.0,1343.0,1345.6,133844,1345.6,5m,YAHOO,RELIANCE.NS,YAHOO_DOWNLOAD,,,,0,True
2026-04-02 08:30:00,1345.2,1347.6,1345.0,1347.5,145117,1347.5,5m,YAHOO,RELIANCE.NS,YAHOO_DOWNLOAD,,,,0,True
2026-04-02 08:35:00,1347.5,1348.9,1345.5,1348.9,157677,1348.9,5m,YAHOO,RELIANCE.NS,YAHOO_DOWNLOAD,,,,0,True
2026-04-02 08:40:00,1348.9,1352.3,1348.5,1352.3,276751,1352.3,5m,YAHOO,RELIANCE.NS,YAHOO_DOWNLOAD,,,,0,True
2026-04-02 08:45:00,1352.1,1355.1,1352.0,1354.5,453038,1354.5,5m,YAHOO,RELIANCE.NS,YAHOO_DOWNLOAD,,,,0,True
2026-04-02 08:50:00,1354.9,1355.9,1353.1,1355.8,179108,1355.8,5m,YAHOO,RELIANCE.NS,YAHOO_DOWNLOAD,,,,0,True
2026-04-02 08:55:00,1356.0,1356.2,1353.4,1354.1,145803,1354.1,5m,YAHOO,RELIANCE.NS,YAHOO_DOWNLOAD,,,,0,True
2026-04-02 09:00:00,1354.0,1356.9,1354.0,1355.5,175980,1355.5,5m,YAHOO,RELIANCE.NS,YAHOO_DOWNLOAD,,,,0,True
2026-04-02 09:05:00,1356.0,1356.3,1350.0,1350.4,210900,1350.4,5m,YAHOO,RELIANCE.NS,YAHOO_DOWNLOAD,,,,0,True
2026-04-02 09:10:00,1350.6,1351.0,1346.6,1347.7,564159,1347.7,5m,YAHOO,RELIANCE.NS,YAHOO_DOWNLOAD,,,,0,True
2026-04-02 09:15:00,1348.1,1351.6,1347.3,1349.1,262232,1349.1,5m,YAHOO,RELIANCE.NS,YAHOO_DOWNLOAD,,,,0,True
2026-04-02 09:20:00,1349.1,1351.7,1348.8,1350.5,312492,1350.5,5m,YAHOO,RELIANCE.NS,YAHOO_DOWNLOAD,,,,0,True
2026-04-02 09:25:00,1350.4,1350.5,1348.4,1349.4,138800,1349.4,5m,YAHOO,RELIANCE.NS,YAHOO_DOWNLOAD,,,,0,True
2026-04-02 09:30:00,1349.5,1350.5,1344.1,1347.8,2222701,1347.8,5m,YAHOO,RELIANCE.NS,YAHOO_DOWNLOAD,,,,0,True
2026-04-02 09:35:00,1347.9,1351.2,1347.4,1351.1,1510071,1351.1,5m,YAHOO,RELIANCE.NS,YAHOO_DOWNLOAD,,,,0,True
2026-04-02 09:40:00,1351.1,1355.2,1351.0,1354.9,872415,1354.9,5m,YAHOO,RELIANCE.NS,YAHOO_DOWNLOAD,,,,0,True
2026-04-02 09:45:00,1355.4,1357.4,1351.2,1353.1,1569862,1353.1,5m,YAHOO,RELIANCE.NS,YAHOO_DOWNLOAD,,,,0,True
2026-04-02 09:50:00,1353.0,1355.3,1349.2,1349.4,1368925,1349.4,5m,YAHOO,RELIANCE.NS,YAHOO_DOWNLOAD,,,,0,True
2026-04-02 09:55:00,1349.4,1351.6,1347.6,1350.9,427598,1350.9,5m,YAHOO,RELIANCE.NS,YAHOO_DOWNLOAD,,,,0,True
